page,order_on_page,name,filename,format,width_px,height_px,source_object
1,1,logo,p01_01_logo.jpg,JPEG,436,377,image-000.jpg
2,1,abri_standard_polycarbonate,p02_01_abri_standard_polycarbonate.jpg,JPEG,480,386,image-001.jpg
2,2,abri_standard_pvc,p02_02_abri_standard_pvc.jpg,JPEG,478,382,image-002.jpg
2,3,abri_standard_toile_pvc,p02_03_abri_standard_toile_pvc.jpg,JPEG,456,382,image-003.jpg
2,4,abri_standard_panneaux_sandwich,p02_04_abri_standard_panneaux_sandwich.jpg,JPEG,464,395,image-004.jpg
2,5,abri_suspendu_polycarbonate,p02_05_abri_suspendu_polycarbonate.jpg,JPEG,471,423,image-005.jpg
2,6,abri_suspendu_pvc,p02_06_abri_suspendu_pvc.jpg,JPEG,464,419,image-006.jpg
2,7,abri_suspendu_toile_pvc,p02_07_abri_suspendu_toile_pvc.jpg,JPEG,473,421,image-007.jpg
2,8,abri_suspendu_panneaux_sandwich,p02_08_abri_suspendu_panneaux_sandwich.jpg,JPEG,454,414,image-008.jpg
3,1,abri_ouvrant_manuelle,p03_01_abri_ouvrant_manuelle.jpg,JPEG,588,397,image-009.jpg
3,2,abri_ouvrant_auto_1,p03_02_abri_ouvrant_auto_1.jpg,JPEG,582,391,image-010.jpg
3,3,abri_ouvrant_auto_2,p03_03_abri_ouvrant_auto_2.jpg,JPEG,571,340,image-011.jpg
3,4,abri_ouvrant_auto_3,p03_04_abri_ouvrant_auto_3.jpg,JPEG,573,404,image-012.jpg
3,5,abri_ouvrant_auto_4,p03_05_abri_ouvrant_auto_4.jpg,JPEG,584,371,image-013.jpg
4,1,abri_terrace_1,p04_01_abri_terrace_1.jpg,JPEG,573,412,image-014.jpg
4,2,abri_terrace_2,p04_02_abri_terrace_2.jpg,JPEG,580,412,image-015.jpg
4,3,pergola_1,p04_03_pergola_1.jpg,JPEG,745,528,image-016.jpg
4,4,pergola_2,p04_04_pergola_2.jpg,JPEG,737,576,image-017.jpg
5,1,extension_aluminium_1,p05_01_extension_aluminium_1.jpg,JPEG,646,378,image-018.jpg
5,2,extension_tole_1,p05_02_extension_tole_1.jpg,JPEG,521,406,image-019.jpg
5,3,extension_acier_1,p05_03_extension_acier_1.jpg,JPEG,604,514,image-020.jpg
5,4,extension_tole_2,p05_04_extension_tole_2.jpg,JPEG,506,410,image-021.jpg
5,5,extension_aluminium_2,p05_05_extension_aluminium_2.jpg,JPEG,639,374,image-022.jpg
6,1,garde_corps_tubes_1,p06_01_garde_corps_tubes_1.jpg,JPEG,692,437,image-023.jpg
6,2,garde_corps_verre_1,p06_02_garde_corps_verre_1.jpg,JPEG,692,329,image-024.jpg
6,3,garde_corps_tubes_2,p06_03_garde_corps_tubes_2.jpg,JPEG,652,435,image-025.jpg
6,4,garde_corps_tubes_3,p06_04_garde_corps_tubes_3.jpg,JPEG,529,575,image-026.jpg
6,5,garde_corps_verre_2,p06_05_garde_corps_verre_2.jpg,JPEG,692,325,image-027.jpg
7,1,menuiserie_1,p07_01_menuiserie_1.jpg,JPEG,645,430,image-028.jpg
7,2,menuiserie_2,p07_02_menuiserie_2.jpg,JPEG,614,460,image-029.jpg
7,3,menuiserie_3,p07_03_menuiserie_3.jpg,JPEG,645,439,image-030.jpg
7,4,menuiserie_4,p07_04_menuiserie_4.jpg,JPEG,642,420,image-031.jpg
7,5,menuiserie_5,p07_05_menuiserie_5.jpg,JPEG,645,430,image-032.jpg
7,6,menuiserie_6,p07_06_menuiserie_6.jpg,JPEG,645,450,image-033.jpg
7,7,menuiserie_7,p07_07_menuiserie_7.jpg,JPEG,640,438,image-034.jpg
7,8,menuiserie_8,p07_08_menuiserie_8.jpg,JPEG,705,575,image-035.jpg
8,1,enseigne_facade_1,p08_01_enseigne_facade_1.jpg,JPEG,793,397,image-036.jpg
8,2,enseigne_facade_2,p08_02_enseigne_facade_2.jpg,JPEG,597,401,image-037.jpg
8,3,enseigne_facade_3,p08_03_enseigne_facade_3.jpg,JPEG,597,399,image-038.jpg
8,4,enseigne_facade_4,p08_04_enseigne_facade_4.jpg,JPEG,600,390,image-039.jpg
8,5,enseigne_facade_5,p08_05_enseigne_facade_5.jpg,JPEG,530,703,image-040.jpg
